ID,FullName,Email,Password,Title
1,Ally Conrad,ally.conrad@payday.com,allyCon.123,Product Tester
2,Isis Villegas,isis.villegas@payday.com,isisVil.123,Manager
3,Abbie Copeland,abbie.copeland@payday.com,abbieCop.123,Analyst
4,Tyrese Hernandez,tyrese.hernandez@payday.com,tyreseHer.123,Coordinator
5,Jazlyn Livingston,jazlyn.livingston@payday.com,jazlynLiv.123,Coordinator
6,Cayden Valdez,cayden.valdez@payday.com,caydenVal.123,Analyst
7,Amaya Reid,amaya.reid@payday.com,amayaRei.123,Analyst
8,Lana Rich,lana.rich@payday.com,lanaRic.123,Product Tester
9,Alissa Wallace,alissa.wallace@payday.com,alissaWal.123,Manager
10,Juliana Conway,juliana.conway@payday.com,julianaCon.123,Customer Manager
11,Madilynn Curry,madilynn.curry@payday.com,madilynnCur.123,Customer Manager
12,Leia Porter,leia.porter@payday.com,leiaPor.123,Customer Manager
13,Ibrahim Cisneros,ibrahim.cisneros@payday.com,ibrahimCis.123,Manager
14,Eli Macdonald,eli.macdonald@payday.com,eliMac.123,Analyst
15,Annie Marsh,annie.marsh@payday.com,annieMar.123,Developer
16,Joy Wall,joy.wall@payday.com,joyWal.123,Developer
17,Nathalie Blevins,nathalie.blevins@payday.com,nathalieBle.123,Developer
18,Emmanuel Howell,emmanuel.howell@payday.com,emmanuelHow.123,Developer
19,Ezra Juarez,ezra.juarez@payday.com,ezraJua.123,Product Tester
20,Jaelynn Heath,jaelynn.heath@payday.com,jaelynnHea.123,Manager
